,id,score
0,6001,3.267779566389832
1,6002,3.635312319950988
2,6003,0.061036748014604174
3,6004,0.37192341895428277
4,6005,0.9557376487856531
5,6006,4.885049338595886
6,6007,0.042949039748590614
7,6008,1.9782144782586981
8,6009,0.1492519578764707
9,6010,0.024892666333078465
10,6011,0.10631256924428703
11,6012,0.22089879464432882
12,6013,0.020033703445658933
13,6014,1.8077635846645574
14,6015,0.7940439273736523
15,6016,6.513882695083169
16,6017,2.037094911940044
17,6018,4.750340625795236
18,6019,0.03613027799188853
19,6020,2.6297975167951018
20,6021,1.1699492060807188
21,6022,2.187031655698688
22,6023,1.9440918055685095
23,6024,0.01701707482759603
24,6025,3.780679247688958
25,6026,0.017196187246931467
26,6027,5.156749553663757
27,6028,1.712744905281768
28,6029,5.5194517035762996
29,6030,0.3263707151456961
30,6031,0.1723581209805798
31,6032,4.71103656333764
32,6033,0.29789739107328184
33,6034,4.740956795591295
34,6035,0.21826633779846769
35,6036,0.5175065097898076
36,6037,0.3984926552421587
37,6038,0.3896408656467338
38,6039,1.4404520875868936
39,6040,5.82087804108334
40,6041,0.2799828168115906
41,6042,3.3244996803317597
42,6043,2.573704066639818
43,6044,4.6932644590227826
44,6045,0.2854434805062189
45,6046,1.1899486826578776
46,6047,2.4231898115539794
47,6048,5.986988199727057
48,6049,0.055563189980500416
49,6050,5.39922304546774
50,6051,1.9825496726863336
51,6052,3.6590849200453746
52,6053,0.20077577054327628
53,6054,0.31195164876416515
54,6055,1.7791633043564896
55,6056,0.04164098906839699
56,6057,7.363890533130859
57,6058,3.739305782360231
58,6059,3.7694410773369973
59,6060,0.6494646590745449
60,6061,0.055639371112540054
61,6062,2.529410727223305
62,6063,0.024354756184592208
63,6064,3.0498124163021965
64,6065,2.259205433684073
65,6066,1.5927156042915305
66,6067,0.07097011705949635
67,6068,0.0151470625359184
68,6069,0.9163448491347818
69,6070,4.867028937974805
70,6071,3.6050570927323395
71,6072,0.04453099723205893
72,6073,4.606943150988985
73,6074,0.02196905141979869
74,6075,0.4162480356765307
75,6076,0.257559781354998
76,6077,6.165358218543525
77,6078,1.2869804223337862
78,6079,0.02881135721195241
79,6080,3.4717935832336986
80,6081,0.025831026341518203
81,6082,1.7060340227942152
82,6083,0.1674830379168825
83,6084,3.0027852909010364
84,6085,0.018885816763715597
85,6086,0.016328389068037266
86,6087,0.16638915421023187
87,6088,0.0906518007579089
88,6089,6.85980651604019
89,6090,0.035673145635846955
90,6091,0.5200644447999152
91,6092,3.527616615317821
92,6093,4.604277058719891
93,6094,1.4514795798816413
94,6095,0.05339009515565942
95,6096,3.4526632716222037
96,6097,1.084106045593565
97,6098,0.01685594115542775
98,6099,1.8810424797930605
99,6100,3.941893293767537
100,6101,2.131109430725209
101,6102,1.4545320472830776
102,6103,0.06800672811644083
103,6104,8.794779773972833
104,6105,2.3090647236127886
105,6106,1.3242699278825298
106,6107,2.534491987298232
107,6108,0.022263398180663987
108,6109,4.637836965754231
109,6110,4.812823981354943
110,6111,1.109756470089205
111,6112,0.16240588731629235
112,6113,3.9867536677566635
113,6114,0.02174850661756671
114,6115,2.607184546199069
115,6116,0.2545632932055682
116,6117,0.17746039709946054
117,6118,0.020376249984989367
118,6119,0.022786699947303216
119,6120,0.8692269999831298
120,6121,0.41921747038329804
121,6122,0.01487086366672876
122,6123,5.2183440292958565
123,6124,1.6978160065301993
124,6125,4.257871647693409
125,6126,0.09923912308169926
126,6127,0.038557541051619064
127,6128,2.2592165568930556
128,6129,4.074014489287192
129,6130,0.05836964383221537
130,6131,4.778981020923326
131,6132,0.6739471091256513
132,6133,0.7847119234852127
133,6134,5.9071634040715475
134,6135,0.013933164553347768
135,6136,0.03481536322349718
136,6137,0.11743390211671136
137,6138,0.06467320715300168
138,6139,0.8967955884286596
139,6140,4.930626006299426
140,6141,0.17537057007356519
141,6142,5.402000434172274
142,6143,0.02986711059530177
143,6144,0.26880311480510705
144,6145,0.5396680054766774
145,6146,0.34280911171393064
146,6147,0.05893844430768473
147,6148,0.273344964520792
148,6149,5.230361371269463
149,6150,5.035591235159278
150,6151,3.443605929117127
151,6152,4.069576100222375
152,6153,0.023093319954107093
153,6154,4.125889742165273
154,6155,0.018533479342333754
155,6156,4.3297198803161505
156,6157,3.5449339454788857
157,6158,1.5298720407547775
158,6159,0.07396812907064373
159,6160,0.03196940425101785
160,6161,5.194084130497785
161,6162,0.1702683048481751
162,6163,0.11133792676362109
163,6164,6.063439598966627
164,6165,3.092043422065702
165,6166,0.1504537923576747
166,6167,2.473306658038005
167,6168,4.077946861939279
168,6169,4.278555723425093
169,6170,0.07817124105468277
170,6171,0.4052844974425939
171,6172,4.415348222486895
172,6173,2.9279961578689035
173,6174,0.038596258858007285
174,6175,0.12967391603303244
175,6176,3.1786838238509683
176,6177,1.097271745195681
177,6178,0.0245952982664254
178,6179,0.10221984807389145
179,6180,0.0331881169174478
180,6181,1.675500162902621
181,6182,0.008355862203052023
182,6183,0.02321878686920555
183,6184,0.26626333195710883
184,6185,5.3910818866319525
185,6186,0.07023388073056051
186,6187,0.03131536080955495
187,6188,0.03950041604262853
188,6189,0.07487800117592715
189,6190,0.2702340227759675
190,6191,0.038758100566375825
191,6192,3.3912141852693294
192,6193,0.27988996672247013
193,6194,0.7231970791340282
194,6195,0.013768824042530624
195,6196,0.5899625440577948
196,6197,3.232838796278321
197,6198,0.8948772755166408
198,6199,0.051577710179440794
199,6200,1.7432981505483685
200,6201,0.388133001591833
201,6202,0.020052048564066702
202,6203,0.09682292704629081
203,6204,0.20593646618870487
204,6205,0.04443386801823248
205,6206,0.05892727071886454
206,6207,0.3362735846400603
207,6208,6.21179129449763
208,6209,3.2442520773193237
209,6210,2.271055883541143
210,6211,0.14962899017911882
211,6212,3.9877394056741164
212,6213,0.9918288424325754
213,6214,4.656275500733394
214,6215,3.9350610918615967
215,6216,0.6038272722762906
216,6217,0.017686249845859495
217,6218,0.4470802089510731
218,6219,0.10168584239868816
219,6220,1.1799810841522984
220,6221,0.026585144314641422
221,6222,0.5601348574068469
222,6223,5.555098613467365
223,6224,0.0543531062289297
224,6225,0.3028592403304242
225,6226,0.112529278297524
226,6227,3.752003076127179
227,6228,0.48030774404922466
228,6229,2.085965254027743
229,6230,0.019983753596863545
230,6231,0.13522403826445345
231,6232,6.914434151680608
232,6233,0.02417059742948096
233,6234,0.016804128217367365
234,6235,0.18940325604070316
235,6236,3.1240557156499413
236,6237,0.6767195597092791
237,6238,0.06678772846782352
238,6239,4.724857512192542
239,6240,0.066975396539021
240,6241,0.028675631699923664
241,6242,6.589031798037241
242,6243,4.242746008133584
243,6244,0.27343764048286395
244,6245,1.069774460028914
245,6246,7.831039216886182
246,6247,1.9363551092485844
247,6248,2.4841501356328
248,6249,0.5617473282620087
249,6250,0.06258353411747983
250,6251,3.4395903973546833
251,6252,0.3968508105280602
252,6253,0.6710764239819761
253,6254,0.10114963372709194
254,6255,0.13892283440328562
255,6256,1.005869785523312
256,6257,3.9424571982729537
257,6258,4.043533604557034
258,6259,0.13989246536840935
259,6260,9.664139537351904
260,6261,0.17749943141481744
261,6262,0.0154944283312994
262,6263,0.3108184636922942
263,6264,0.05017489140802617
264,6265,1.2883139783834163
265,6266,3.298216294282388
266,6267,0.2122175183492151
267,6268,0.2600339283760159
268,6269,0.8565565985930527
269,6270,1.5805641296098332
270,6271,5.74535495313642
271,6272,4.318963371946768
272,6273,1.8222871815926316
273,6274,0.46962749817519917
274,6275,0.873021661641652
275,6276,0.08284115938522643
276,6277,0.05548698279664561
277,6278,3.9692736848448216
278,6279,5.787555601762967
279,6280,0.04445384568261694
280,6281,0.08862252809005522
281,6282,1.457801993895696
282,6283,0.22332947499949715
283,6284,4.5862574407094945
284,6285,1.0963146376217643
285,6286,0.10294047459164223
286,6287,6.818982495962902
287,6288,0.6456704317583907
288,6289,1.7994301338233027
289,6290,4.981391635619948
290,6291,1.220617646054427
291,6292,2.724686506401081
292,6293,0.045521891226408324
293,6294,0.3352906431093174
294,6295,0.04007585827795328
295,6296,0.12616600411693743
296,6297,0.21034911254615624
297,6298,1.1611448961784758
298,6299,3.7088306405375424
299,6300,0.4080640682035427
300,6301,0.2447145604093713
301,6302,4.321483855968418
302,6303,0.018567644141704046
303,6304,0.3096334602464266
304,6305,1.2414527754491338
305,6306,0.03147696522889504
306,6307,2.5442211060733264
307,6308,1.4307881756491718
308,6309,0.32902397343471285
309,6310,0.5482734355307262
310,6311,0.4339186630984305
311,6312,5.270403861022984
312,6313,1.0309865161787295
313,6314,0.015413638992185756
314,6315,0.03508034716779169
315,6316,0.1941986929747949
316,6317,0.4318547368846246
317,6318,0.6564607175614284
318,6319,0.964743905040141
319,6320,7.355312645833987
320,6321,0.21385324797982966
321,6322,0.14380966733400063
322,6323,0.8573955442480589
323,6324,0.04522920245791942
324,6325,0.1540595933892439
325,6326,0.01639454751057644
326,6327,2.3711675080083943
327,6328,0.5404774461429992
328,6329,0.12258798106314138
329,6330,2.2362522342120537
330,6331,2.7371191653077966
331,6332,0.03987541502156871
332,6333,6.046533617808007
333,6334,0.05317339591575396
334,6335,0.20340942105852927
335,6336,0.08786917298071167
336,6337,0.5789576205793571
337,6338,0.32717070748273774
338,6339,1.406236756760466
339,6340,0.11532121284047639
340,6341,5.188718976814151
341,6342,5.053016803523079
342,6343,0.03219872002248638
343,6344,2.0664181607250294
344,6345,0.5564194180156751
345,6346,0.0397141572156573
346,6347,0.893555806699965
347,6348,0.05747434780013556
348,6349,0.012791491906827657
349,6350,1.7621993749438303
350,6351,0.681829900327
351,6352,0.18859769079384153
352,6353,8.133240872780226
353,6354,0.18165838512387703
354,6355,6.525094945348941
355,6356,0.0815082184370804
356,6357,2.4141017823289803
357,6358,4.6780534857709455
358,6359,0.11083449449545597
359,6360,0.022023298425153548
360,6361,0.03866613424070697
361,6362,0.04504317898281954
362,6363,0.09226751650760989
363,6364,2.4103196819650883
364,6365,0.022607309333583684
365,6366,5.0273480472455
366,6367,7.625933485009417
367,6368,0.025194980995300573
368,6369,0.014563450547940589
369,6370,0.05697449252675311
370,6371,4.1160592897991854
371,6372,0.11096634340802548
372,6373,8.804944802360879
373,6374,0.5437663841039129
374,6375,0.013710829165903007
375,6376,0.0970804124266882
376,6377,0.10241957500683344
377,6378,4.471895976054397
378,6379,8.918889689749802
379,6380,0.2709899806605457
380,6381,5.537740176275561
381,6382,2.7975887973016196
382,6383,4.412082753486203
383,6384,1.0181840357195084
384,6385,0.9073426237931136
385,6386,0.24625105593293176
386,6387,3.848218550202914
387,6388,2.842620290892967
388,6389,4.178618858189107
389,6390,0.019583677725994075
390,6391,5.863769740942073
391,6392,4.409999774233115
392,6393,0.008483074592042363
393,6394,2.6834035418150783
394,6395,0.04096109975643492
395,6396,7.482724460943864
396,6397,6.729215607111563
397,6398,6.453882428851575
398,6399,0.03845411419401116
399,6400,0.1848727494402626
400,6401,0.1669061257047566
401,6402,0.7780426023997301
402,6403,0.025385326832962796
403,6404,0.5051152725455029
404,6405,0.30526480332836636
405,6406,0.38269964216215646
406,6407,0.8226411154452662
407,6408,0.7674058457129624
408,6409,0.021203595835695137
409,6410,0.5982666790148041
410,6411,0.24776557393329887
411,6412,0.993959929906262
412,6413,0.06708158885245627
413,6414,1.6753411476756224
414,6415,0.12731581847570134
415,6416,0.7279845740214729
416,6417,7.863360785264792
417,6418,0.11575844524734452
418,6419,0.02583012442670011
419,6420,0.23277826822733447
420,6421,3.6714129220598353
421,6422,2.9139360457406887
422,6423,0.03081783299448408
423,6424,5.2511964252794305
424,6425,1.5850426522119518
425,6426,0.022763429035113192
426,6427,7.157492133481663
427,6428,1.026905529972565
428,6429,0.021526643167847016
429,6430,0.22604443343619784
430,6431,0.6960149188622383
431,6432,3.992301143273212
432,6433,0.021525140504422183
433,6434,1.919517251878597
434,6435,2.8534268068979123
435,6436,8.214134035123054
436,6437,6.061505314795767
437,6438,0.3166671196253146
438,6439,0.5276716554221629
439,6440,0.20519890228394916
440,6441,5.053016803523079
441,6442,0.4619358750966526
442,6443,0.5185324227134743
443,6444,0.6586238526801252
444,6445,0.09459073356788818
445,6446,3.288785900712022
446,6447,0.014087313121477851
447,6448,3.512241907111385
448,6449,0.017698637037952283
449,6450,0.08238702883475599
450,6451,0.6098013620900279
451,6452,0.09648120549819367
452,6453,0.057240768027263224
453,6454,0.24855512435137914
454,6455,0.046347721331327175
455,6456,3.048442311955261
456,6457,0.04182553082876477
457,6458,1.0365454492912896
458,6459,1.2609207728733494
459,6460,0.4596582635551143
460,6461,0.17917083276565016
461,6462,0.10685278053115216
462,6463,8.307968709165536
463,6464,1.2313177568998914
464,6465,0.5079696211619712
465,6466,0.14822916967214453
466,6467,0.11480307724734004
467,6468,0.6316427993790082
468,6469,0.028984837033492264
469,6470,0.019071069454865683
470,6471,0.04335501311180054
471,6472,3.55498768526763
472,6473,0.8093821627695765
473,6474,0.29808556804942427
474,6475,0.29740336316314414
475,6476,0.2697828424921422
476,6477,0.045396706613769086
477,6478,7.248170579816341
478,6479,0.07006720313451854
479,6480,0.0870576615188619
480,6481,0.6161863528387544
481,6482,3.4554719694600284
482,6483,5.216481372446444
483,6484,0.5502869878820098
484,6485,1.54663451874015
485,6486,1.639945152399089
486,6487,0.04804645068665484
487,6488,2.8307650764460215
488,6489,0.14611046738751568
489,6490,0.5874579694643677
490,6491,0.12287184906878179
491,6492,3.3900532255994738
492,6493,0.07628375885936506
493,6494,0.42185075937604205
494,6495,0.5077287147989855
495,6496,0.8607557449143914
496,6497,0.3768152301840893
497,6498,2.756951580446587
498,6499,0.025658397687011572
499,6500,3.842176361547562
500,6501,0.21351895231894516
501,6502,5.526602151475678
502,6503,0.40077365763612366
503,6504,1.8090668221462711
504,6505,0.04854296518307118
505,6506,1.696518677056927
506,6507,0.02717965283714477
507,6508,1.6039917159618426
508,6509,0.5420851768199034
509,6510,8.061229016844125
510,6511,0.03144974623506285
511,6512,0.6314447000192077
512,6513,4.604925289974431
513,6514,1.4329588154789223
514,6515,2.7738030604586488
515,6516,3.234088070103765
516,6517,0.05713367518766177
517,6518,0.9091720662772171
518,6519,0.2174817872527467
519,6520,0.07935386346325078
520,6521,3.100479321232582
521,6522,0.055262052990546394
522,6523,5.332940518518008
523,6524,0.5824004864193806
524,6525,7.145798643411555
525,6526,0.9909696006153543
526,6527,0.03995063199681882
527,6528,1.7414253892111529
528,6529,2.7239670085930143
529,6530,1.3006011693389263
530,6531,0.41038384299546116
531,6532,0.059446806561815065
532,6533,0.13559315580483258
533,6534,1.0467476813681307
534,6535,0.030106263403553667
535,6536,0.025448375503796597
536,6537,8.02829911487331
537,6538,0.031223868752537322
538,6539,0.45976746453497425
539,6540,0.5496039434992855
540,6541,0.013746379926985621
541,6542,2.0663034053699585
542,6543,0.596620623851765
543,6544,0.1749031795150108
544,6545,0.33334018372927987
545,6546,0.3158093772409745
546,6547,2.3015702907805733
547,6548,4.284633205083657
548,6549,1.8825682213855184
549,6550,1.973551867787126
550,6551,0.2198498407740397
551,6552,8.91052905632278
552,6553,3.114070881411448
553,6554,0.02906831815795327
554,6555,0.10840881633463295
555,6556,0.027769652650853
556,6557,1.6172404129023568
557,6558,3.350398774669414
558,6559,0.4013243917241558
559,6560,0.1708259309006394
560,6561,0.020720106802720017
561,6562,8.888591500689607
562,6563,0.06125236205660459
563,6564,5.126817441595262
564,6565,1.6626580295216378
565,6566,0.0960801003192347
566,6567,1.7098135150973
567,6568,0.32639523435341167
568,6569,0.4008720274075449
569,6570,5.25690197380698
570,6571,0.8044265088088384
571,6572,0.37257238790909186
572,6573,0.1278842652920148
573,6574,2.775970853654282
574,6575,0.43927341302769435
575,6576,7.146745472227673
576,6577,0.3195838128747962
577,6578,0.8694897975500538
578,6579,0.7677443510974606
579,6580,2.89782437714905
580,6581,1.181421011041171
581,6582,0.05061884581064224
582,6583,0.31550951767240204
583,6584,2.866892124951905
584,6585,0.018555408438559972
585,6586,0.8946671194204129
586,6587,0.34183627072696143
587,6588,6.872920606849212
588,6589,0.02954633370963939
589,6590,0.01887154745747707
590,6591,6.682562665896209
591,6592,0.033540150207479164
592,6593,0.01664047807621333
593,6594,1.2358672067845693
594,6595,3.426907382041177
595,6596,3.887059177244181
596,6597,0.0900080393169197
597,6598,1.7937576515715947
598,6599,4.614193144760996
599,6600,2.7491285157594434
600,6601,4.184603633424122
601,6602,0.023154860194890683
602,6603,0.5762705375390773
603,6604,0.71021087551413
604,6605,0.033692548578871766
605,6606,0.1339078223763035
606,6607,0.039833352359481225
607,6608,0.01662637981901798
608,6609,0.9004279627820115
609,6610,0.05820726272314083
610,6611,0.12511075947724776
611,6612,3.6431877139908355
612,6613,0.13185424277473384
613,6614,0.5017532117062237
614,6615,0.16601689797621613
615,6616,2.179582819341103
616,6617,2.187494342555353
617,6618,0.1361351711734233
618,6619,0.036983029185871034
619,6620,0.09772643565330463
620,6621,0.20111506927698444
621,6622,0.09173962306309762
622,6623,1.0063993507173399
623,6624,0.2678400923818249
624,6625,4.435761302024575
625,6626,0.25716259398315455
626,6627,0.1805994208824267
627,6628,2.1901589247497437
628,6629,0.06640442271155676
629,6630,0.3501354519311155
630,6631,0.03867556348762446
631,6632,2.1679799395945625
632,6633,5.6548783628659836
633,6634,0.14501027505714212
634,6635,0.5866568905794769
635,6636,3.0794333222981285
636,6637,0.015982808410231707
637,6638,0.05536195858176141
638,6639,0.0542461160173487
639,6640,6.773593884733619
640,6641,0.014530002294682829
641,6642,1.2158563968527232
642,6643,0.5499207512978485
643,6644,1.4377548812857206
644,6645,2.378604044758778
645,6646,5.266171741541287
646,6647,0.7078928956719761
647,6648,3.9857846220719035
648,6649,0.012682790382899394
649,6650,3.6734718628690133
650,6651,0.816740912749055
651,6652,2.8717539285847478
652,6653,0.013975738922300245
653,6654,0.44618239075955046
654,6655,3.809309440176734
655,6656,0.33839244374653876
656,6657,0.17539901044051984
657,6658,0.040713768635721785
658,6659,0.5033606711626564
659,6660,0.013698018759530436
660,6661,4.334109754798309
661,6662,0.04842303061243648
662,6663,2.878061004833881
663,6664,0.034705371175193525
664,6665,1.689641951330725
665,6666,4.255064818065333
666,6667,0.08845313952562513
667,6668,0.08149703542704492
668,6669,5.4822193496271385
669,6670,0.02759285314611467
670,6671,5.230562995856244
671,6672,0.16227198537944137
672,6673,3.6140286602225298
673,6674,0.06795602679421174
674,6675,5.335750963530154
675,6676,0.12505446777951537
676,6677,0.18311832096152733
677,6678,0.9184855884960192
678,6679,0.8165192025698451
679,6680,0.019425850863700442
680,6681,0.013588811108598511
681,6682,4.169901401823267
682,6683,0.2252899853364054
683,6684,6.028964081948528
684,6685,3.158477338672185
685,6686,1.2386577384835977
686,6687,3.23957108348997
687,6688,0.261705360034825
688,6689,0.013653430995920283
689,6690,4.467259154388379
690,6691,3.2263445695588397
691,6692,0.2185269063851484
692,6693,0.016911366817183433
693,6694,0.028163461157291434
694,6695,0.07260449910791913
695,6696,0.06694853292627027
696,6697,0.05182920170191123
697,6698,2.259205433684073
698,6699,6.431865888556693
699,6700,0.23841524940610295
700,6701,3.8165149162029928
701,6702,0.7169759018455012
702,6703,5.298268794325123
703,6704,0.030203028751992645
704,6705,1.796219385892484
705,6706,0.5886659440184998
706,6707,2.84340636945728
707,6708,0.07768475971274029
708,6709,0.5269175151383348
709,6710,0.7105682985116624
710,6711,1.9363551092485844
711,6712,8.224020458480922
712,6713,0.14260791215543572
713,6714,1.7918217998610233
714,6715,0.6546218026619112
715,6716,1.7223019192332467
716,6717,0.47885256456526915
717,6718,0.24896672237886147
718,6719,1.3150435403246872
719,6720,3.6750081480925707
720,6721,3.6631754633580593
721,6722,0.038085185095839205
722,6723,0.6708459562054268
723,6724,0.018831247254863858
724,6725,0.014831334924144424
725,6726,0.5402790690044414
726,6727,3.2210395158088327
727,6728,2.3109898949904104
728,6729,0.025955889357666108
729,6730,0.16227198537944137
730,6731,0.5537905400675716
731,6732,0.06902949451084554
732,6733,0.5190847597860235
733,6734,0.1628919994760346
734,6735,0.03387214062822323
735,6736,2.543278626864101
736,6737,2.845496101934169
737,6738,0.425212233460798
738,6739,1.0323218605624302
739,6740,0.37320356444152675
740,6741,2.3296024801858253
741,6742,6.310880928243934
742,6743,0.12200300168715109
743,6744,0.05231079793665165
744,6745,0.6877144721875664
745,6746,0.9429074645916655
746,6747,0.4063128617386574
747,6748,0.17236887640845627
748,6749,0.04443386801823248
749,6750,0.12644654947307937
750,6751,1.4269891876793903
751,6752,0.22836005470176246
752,6753,0.0922501542179717
753,6754,0.537739064832668
754,6755,0.06804092110077528
755,6756,0.03215571726782887
756,6757,1.3705892585157793
757,6758,0.13484551946701948
758,6759,0.33198443810901584
759,6760,5.240934077611683
760,6761,1.9737721315789434
761,6762,0.018287306374327083
762,6763,0.05834829140543138
763,6764,0.21400070026767962
764,6765,6.141304254232873
765,6766,0.10199278433219602
766,6767,0.17440795224965241
767,6768,0.3739059294025849
768,6769,0.024772059341779337
769,6770,0.028917623777805435
770,6771,5.358422697325474
771,6772,1.0889357598578588
772,6773,3.195179373948122
773,6774,2.6341417522268578
774,6775,0.05536757509554634
775,6776,9.666730576727225
776,6777,0.018641917987640103
777,6778,0.057099412997336944
778,6779,0.884539883538948
779,6780,0.07158044036457664
780,6781,6.5002815226840855
781,6782,1.1874988260853234
782,6783,3.3803197438929695
783,6784,0.11427594353067588
784,6785,0.01541460282829556
785,6786,4.719035045958802
786,6787,1.0677345722297191
787,6788,0.057899001112015534
788,6789,7.51359365212576
789,6790,0.016761692406952057
790,6791,3.244688820938267
791,6792,1.1445654730758261
792,6793,0.08592158111497188
793,6794,0.03400397982898141
794,6795,0.03476945108356606
795,6796,3.1003982118774283
796,6797,0.15895076517697185
797,6798,0.10331616995184285
798,6799,0.03910081353329799
799,6800,2.729736600338701
800,6801,0.030680375579956624
801,6802,4.3193167147803075
802,6803,0.14329798464144938
803,6804,3.0012535732732957
804,6805,0.017855404650155414
805,6806,1.295963423408754
806,6807,0.05420407628402651
807,6808,4.537319537470706
808,6809,7.998387297660764
809,6810,7.94302469253285
810,6811,1.7489818522537552
811,6812,3.7713337428120743
812,6813,0.04605546984616226
813,6814,0.26791616044707495
814,6815,1.041020708580487
815,6816,1.163429477593182
816,6817,6.606317523408048
817,6818,5.67316946340595
818,6819,1.8734288526418685
819,6820,2.2118143490255084
820,6821,0.2040400960135862
821,6822,1.3274673391037914
822,6823,0.8541175699840471
823,6824,3.8949515185639663
824,6825,0.47365984024925517
825,6826,1.1566194240422336
826,6827,0.019613316895689105
827,6828,2.7836442120940728
828,6829,0.022718890735206904
829,6830,5.750259277771927
830,6831,0.10133376657961914
831,6832,5.111500984110315
832,6833,0.038543646446917296
833,6834,0.3271111923977607
834,6835,0.020384614351550662
835,6836,0.5027746420976592
836,6837,0.5394408897644867
837,6838,0.7324472512317665
838,6839,2.666258364961585
839,6840,6.567518518863508
840,6841,0.022937454677732963
841,6842,0.027369002013905065
842,6843,5.341654374972785
843,6844,2.7243790486385624
844,6845,0.34966819710953057
845,6846,0.46602467908036166
846,6847,2.431579787159612
847,6848,1.4367563110009733
848,6849,0.027531951479833477
849,6850,0.019375911185408715
850,6851,0.33163897239391377
851,6852,1.2170963046288301
852,6853,0.34058512612926
853,6854,0.014885037693664326
854,6855,0.7730038298908969
855,6856,0.535767413981641
856,6857,4.485363789178454
857,6858,0.10694285279531632
858,6859,0.25900724105866874
859,6860,0.9508157954518632
860,6861,0.04030199832582055
861,6862,0.7710834866352596
862,6863,0.015600815210323258
863,6864,0.24858152546155232
864,6865,2.742019296799593
865,6866,0.788601287082668
866,6867,0.02254227821392611
867,6868,4.121660990036621
868,6869,2.89640509399196
869,6870,0.2850380342055139
870,6871,3.7832072556142036
871,6872,0.08890538163281858
872,6873,0.20123914630595263
873,6874,0.022510680373738653
874,6875,1.119425352744668
875,6876,0.031237076143889802
876,6877,0.46929196622565905
877,6878,0.06625908211349667
878,6879,0.27626609734364427
879,6880,0.062076714543017754
880,6881,0.06229363141896308
881,6882,0.146052717917149
882,6883,3.221881670530567
883,6884,1.2735392879849659
884,6885,0.0217593078414181
885,6886,3.6168655612804304
886,6887,1.5703122406605554
887,6888,0.17104057134587905
888,6889,0.10145793701336975
889,6890,3.0867072546333763
890,6891,0.05011043485885411
891,6892,0.10849740384787462
892,6893,0.18907165286638414
893,6894,0.7131319368716312
894,6895,1.7367227640236382
895,6896,1.836866093856985
896,6897,0.040768605787961695
897,6898,5.226853816076534
898,6899,0.2622426035373915
899,6900,0.014017209773690637
900,6901,3.9513413818322882
901,6902,0.024354756184592208
902,6903,4.849887845911164
903,6904,0.019254323898055474
904,6905,3.757666938625951
905,6906,0.1720384960443012
906,6907,0.01782653132866863
907,6908,3.602234144264623
908,6909,2.3477585915959547
909,6910,0.7001338521897704
910,6911,2.575946953059811
911,6912,0.26388291263592084
912,6913,0.05314366288183722
913,6914,4.729617753052451
914,6915,0.08373805955435501
915,6916,4.680985627487395
916,6917,0.13365987695929904
917,6918,0.16603536173243227
918,6919,5.962923981112841
919,6920,6.03495963808519
920,6921,0.05622636957578267
921,6922,0.036742647792426475
922,6923,4.098943325163095
923,6924,2.83854899387455
924,6925,0.04406945063437036
925,6926,6.420141792481778
926,6927,0.012646898295502123
927,6928,5.0671839535961025
928,6929,0.2153422873295872
929,6930,1.9762047232718551
930,6931,0.7526863345178035
931,6932,1.1460429581584404
932,6933,4.669698763316032
933,6934,4.37995407008563
934,6935,0.9767185349793064
935,6936,1.0754446930567159
936,6937,1.5406415823815147
937,6938,0.02318423781180775
938,6939,0.09992705030148637
939,6940,0.3126621420832364
940,6941,4.3134396448782
941,6942,2.187092398487462
942,6943,0.3856726565364071
943,6944,0.38021466244709284
944,6945,0.19080288714435495
945,6946,0.5937240764738894
946,6947,0.08506747258042238
947,6948,0.6789599156562834
948,6949,0.3028471983838557
949,6950,3.108316254352484
950,6951,0.05905993267419209
951,6952,3.487122849519771
952,6953,0.10260159546838606
953,6954,0.06974240500577064
954,6955,0.525188561535828
955,6956,0.20846605447654296
956,6957,6.183440261236631
957,6958,3.009845303283594
958,6959,0.3887773583511872
959,6960,7.304434848753271
960,6961,0.09789684855032077
961,6962,0.09616913534109654
962,6963,0.3116403065435391
963,6964,6.092631942859257
964,6965,0.5383210249644415
965,6966,1.5879209407289636
966,6967,0.07874725369680496
967,6968,0.14959313993586346
968,6969,0.2069061958283483
969,6970,0.03620920004323285
970,6971,2.020616209251481
971,6972,4.136640054619828
972,6973,0.14718006915849569
973,6974,0.7301447974198317
974,6975,0.12505446777951537
975,6976,3.3997824025910885
976,6977,7.8553291825868685
977,6978,4.223347877799646
978,6979,0.03908691041031604
979,6980,0.1835364209994668
980,6981,0.11234241445851735
981,6982,3.080872249975617
982,6983,5.265056866406387
983,6984,0.02235878412690174
984,6985,4.655469437841648
985,6986,1.8355779448691907
986,6987,4.00828522585945
987,6988,0.018775398884252472
988,6989,0.06860477480027698
989,6990,5.579142711164686
990,6991,0.05385115831375209
991,6992,0.11201177542968375
992,6993,3.0349544740585386
993,6994,0.2058922390316245
994,6995,0.6744167283838732
995,6996,0.5744472853627403
996,6997,0.05237302381156229
997,6998,2.46924018474888
998,6999,0.4594805198524274
999,7000,0.5900104798036881
1000,7001,0.04518779026656765
1001,7002,0.23104205589840676
1002,7003,0.9219346662466484
1003,7004,0.07404323628394377
1004,7005,0.08139948572711757
1005,7006,0.018635094667112242
1006,7007,1.8591157329906605
1007,7008,0.04233927494305351
1008,7009,0.01856810218132242
1009,7010,3.9886189261003318
1010,7011,0.20323391054352413
1011,7012,4.430551719705769
1012,7013,5.223000332930026
1013,7014,1.5976778729999825
1014,7015,1.1457833111039144
1015,7016,2.346014340915999
1016,7017,2.338393559851685
1017,7018,0.5414569510046062
1018,7019,0.5875227112753478
1019,7020,0.2201988016107896
1020,7021,0.07475310342176515
1021,7022,4.335511741672235
1022,7023,1.4193028835877963
1023,7024,2.3296024801858253
1024,7025,0.044907803988831436
1025,7026,4.712030436649061
1026,7027,0.6638272911787312
1027,7028,4.140218896745814
1028,7029,4.652309506603551
1029,7030,0.04017383873050266
1030,7031,0.9725048981244959
1031,7032,1.8492643157423776
1032,7033,0.04067343357108693
1033,7034,0.3059721951516651
1034,7035,4.422937059911626
1035,7036,0.02882067790034552
1036,7037,3.089961369931038
1037,7038,0.01593852602715287
1038,7039,2.3128154131714997
1039,7040,4.380487482206203
1040,7041,5.626033967388687
1041,7042,0.019473064777499532
1042,7043,0.07694389592670256
1043,7044,0.08485747979924538
1044,7045,0.4398198805601171
1045,7046,0.035597758031656906
1046,7047,0.3325412273175832
1047,7048,5.903597610975997
1048,7049,2.0738136904494313
1049,7050,4.138978215849522
1050,7051,0.6567723096901533
1051,7052,1.755005847246464
1052,7053,0.08046848179491121
1053,7054,6.944148962414964
1054,7055,0.057763123947792594
1055,7056,0.13336618040188822
1056,7057,3.1252672098003123
1057,7058,4.439618919981841
1058,7059,0.025102546744052122
1059,7060,0.041384019019114135
1060,7061,4.488795455303421
1061,7062,0.059036031831090394
1062,7063,0.5121171710563167
1063,7064,5.467631527548224
1064,7065,3.9784574722098376
1065,7066,0.11943666284177508
1066,7067,1.4113278414751016
1067,7068,0.3017845313385076
1068,7069,0.20330946193292015
1069,7070,0.4458254854030061
1070,7071,1.604180074296867
1071,7072,3.3525196610449237
1072,7073,0.014136532407698073
1073,7074,0.34065085833486847
1074,7075,0.07696084629335381
1075,7076,4.655592994809068
1076,7077,0.0681380805875169
1077,7078,2.2859964797853722
1078,7079,5.3989232506479725
1079,7080,3.5013541623522744
1080,7081,0.1073974105116464
1081,7082,0.027856119686414563
1082,7083,4.4570275285581396
1083,7084,0.01920563747636199
1084,7085,0.5188051093000005
1085,7086,2.4516471316461907
1086,7087,3.1343944443574627
1087,7088,0.014182662374809715
1088,7089,1.8090668221462711
1089,7090,0.013063137196425026
1090,7091,5.162431204640885
1091,7092,0.303643059084879
1092,7093,0.10549536705975558
1093,7094,6.957803726574798
1094,7095,0.2288493747334015
1095,7096,0.09879334552535855
1096,7097,0.026845539248536762
1097,7098,0.05958027988857726
1098,7099,5.80725146142568
1099,7100,0.44464954583255206
1100,7101,0.07476550344878677
1101,7102,6.897332187318489
1102,7103,3.830266364299724
1103,7104,4.271774058393573
1104,7105,0.14982103426488338
1105,7106,0.0167588820214529
1106,7107,4.448466148086148
1107,7108,0.02953641933442463
1108,7109,4.437932516467794
1109,7110,1.7729408470731098
1110,7111,0.06163109951037256
1111,7112,1.7087472671792285
1112,7113,5.38718098630221
1113,7114,0.8322031219569221
1114,7115,2.0023791065837027
1115,7116,2.6163966577482807
1116,7117,5.695304586802085
1117,7118,0.029810431236770702
1118,7119,1.8444147185945945
1119,7120,0.07607555685465722
1120,7121,4.307940845316738
1121,7122,1.5268559028607174
1122,7123,5.941776107152409
1123,7124,0.13650387768451056
1124,7125,4.472803421230495
1125,7126,2.551510195004739
1126,7127,3.2315560870720597
1127,7128,0.8189982682079803
1128,7129,0.03862250903155108
1129,7130,4.29448721349674
1130,7131,0.16829940036258043
1131,7132,4.271202185945414
1132,7133,0.045535856734312194
1133,7134,0.016460952625485168
1134,7135,6.728640962232193
1135,7136,0.014002009446062684
1136,7137,0.30485289481689376
1137,7138,4.770717708519597
1138,7139,0.06077352195715105
1139,7140,3.7413449566259014
1140,7141,5.346948738474245
1141,7142,0.08117551380105804
1142,7143,1.0143039971200039
1143,7144,0.03763478109692111
1144,7145,0.04472838256769968
1145,7146,0.45153685917718245
1146,7147,0.03170002368013384
1147,7148,0.15798131410943372
1148,7149,1.1765656728578116
1149,7150,0.04223045322687176
1150,7151,0.017757405523802533
1151,7152,1.1880263043132477
1152,7153,1.225786273716883
1153,7154,7.6015632652114675
1154,7155,3.702944317077237
1155,7156,0.024205561865534363
1156,7157,0.08614456313290843
1157,7158,0.09054361204109258
1158,7159,0.03985696626121832
1159,7160,0.04348438232041576
1160,7161,0.13680039579601222
1161,7162,7.073347261631234
1162,7163,0.020913389158200357
1163,7164,0.04523862657267393
1164,7165,0.14723209194561138
1165,7166,2.75942664391211
1166,7167,3.3710772797610167
1167,7168,0.42967651901721376
1168,7169,4.554637054252531
1169,7170,0.165493499675661
1170,7171,4.304790686744051
1171,7172,0.4354946071779069
1172,7173,0.9407552128752346
1173,7174,0.014673380222198341
1174,7175,0.10545893691738038
1175,7176,7.863739567648151
1176,7177,3.1833001598917208
1177,7178,0.013238583300325433
1178,7179,1.850340446286328
1179,7180,2.7243790486385624
1180,7181,3.5476630967684972
1181,7182,2.546030191534288
1182,7183,0.2097633423558131
1183,7184,0.24886640546430297
1184,7185,4.70889046403351
1185,7186,0.2504769387554827
1186,7187,1.8971841419535682
1187,7188,0.6400503569547487
1188,7189,0.2648175816594046
1189,7190,0.014842375403539802
1190,7191,3.0985231276931056
1191,7192,0.0862679032663291
1192,7193,0.07006720313451854
1193,7194,4.128306972790654
1194,7195,2.851793558193908
1195,7196,0.5007197331735038
1196,7197,0.2595888643263031
1197,7198,2.103904650552549
1198,7199,0.4389514122977992
1199,7200,7.884849378375101
1200,7201,3.7158188603382296
1201,7202,0.7096645963512778
1202,7203,4.6715643059555925
1203,7204,0.0189918226271749
1204,7205,2.6101635730773793
1205,7206,0.04942412802099317
1206,7207,0.9215463641510094
1207,7208,0.018954910761351272
1208,7209,8.194985014117739
1209,7210,0.04296358163861733
1210,7211,0.1518710660306285
1211,7212,0.0233571907693644
1212,7213,1.6932808732586595
1213,7214,1.557037010921442
1214,7215,7.159012717854708
1215,7216,1.4516743767087008
1216,7217,6.178927798841187
1217,7218,3.7037888374234758
1218,7219,0.013682915659693642
1219,7220,2.5564134080738943
1220,7221,3.498478322099215
1221,7222,3.981096441856168
1222,7223,0.135481677323877
1223,7224,0.3027666386221457
1224,7225,0.28766655341805875
1225,7226,0.5629791027755345
1226,7227,1.193128051890423
1227,7228,1.385644323827918
1228,7229,0.2131171427898812
1229,7230,3.1508888926456864
1230,7231,1.5949338343652104
1231,7232,0.02191856047692048
1232,7233,0.942112866478637
1233,7234,0.22244482575409527
1234,7235,0.030213683309309847
1235,7236,0.1208422262358331
1236,7237,0.3562621110626452
1237,7238,0.17452167194815674
1238,7239,3.2524333488914867
1239,7240,0.7242673940155854
1240,7241,0.2996745198974473
1241,7242,1.9993964677367764
1242,7243,0.4140977851716634
1243,7244,3.396240906253556
1244,7245,0.5273339838876072
1245,7246,0.1333089299651295
1246,7247,7.626320696030411
1247,7248,0.8146663389234429
1248,7249,0.0803676581610601
1249,7250,1.2375185007366438
1250,7251,1.6606116070849277
1251,7252,0.06788005215532764
1252,7253,0.013176352638847009
1253,7254,0.6181014655122454
1254,7255,0.051927892623670674
1255,7256,0.10212818006420502
1256,7257,7.245387297497081
1257,7258,4.6788032756404245
1258,7259,3.606960053818115
1259,7260,5.510355414444365
1260,7261,2.7146552081504245
1261,7262,4.043796989886916
1262,7263,0.015218538637252544
1263,7264,0.014829396610700355
1264,7265,1.0896340086676173
1265,7266,0.46559282511767275
1266,7267,0.014059187905206098
1267,7268,3.0747286667765863
1268,7269,0.02614221047490165
1269,7270,0.017563560160250482
1270,7271,2.429938971383414
1271,7272,2.39554388631129
1272,7273,0.052810649364593926
1273,7274,0.44563789277352067
1274,7275,3.0009722652295
1275,7276,0.05282918026459722
1276,7277,1.0477794651251668
1277,7278,0.03298432776855007
1278,7279,0.9398659209070073
1279,7280,0.0929463049513432
1280,7281,0.9927812065178362
1281,7282,0.20902008026488414
1282,7283,0.4662400572540334
1283,7284,0.2412688374611397
1284,7285,3.403737066296114
1285,7286,1.411865875671359
1286,7287,0.5417692342839044
1287,7288,2.3200026624005288
1288,7289,2.9017853404990848
1289,7290,0.21144010341012487
1290,7291,0.03217608714615696
1291,7292,0.11388040314780862
1292,7293,0.36638949491365247
1293,7294,0.9626013966906604
1294,7295,2.389569967918219
1295,7296,0.039289468267402164
1296,7297,1.6080019866756492
1297,7298,0.03942200884998901
1298,7299,0.010515500785060031
1299,7300,0.28351588515000087
1300,7301,0.07767932102510733
1301,7302,1.242110895860468
1302,7303,1.7746647900915349
1303,7304,2.9171677070937188
1304,7305,0.0817839385400509
1305,7306,0.762082718343463
1306,7307,3.549666595937668
1307,7308,0.8329143534031458
1308,7309,1.1316243984709033
1309,7310,4.721477360882162
1310,7311,3.129972863268305
1311,7312,0.046946254051418
1312,7313,0.2534669895738256
1313,7314,1.8905253355146867
1314,7315,0.5930986310364368
1315,7316,1.9314228907358704
1316,7317,3.983079049032058
1317,7318,4.09227806014161
1318,7319,0.4517659763535579
1319,7320,3.388680993267188
1320,7321,5.066900783313059
1321,7322,0.04418128050004338
1322,7323,0.03998841127540129
1323,7324,2.1183129762687805
1324,7325,2.6063589356087826
1325,7326,0.2767405185549088
1326,7327,8.449110362836889
1327,7328,0.24702682155875078
1328,7329,1.6207729127926795
1329,7330,3.0761532860982372
1330,7331,0.030615246000520912
1331,7332,0.6157448888601268
1332,7333,1.5393451665778997
1333,7334,0.023591496081101438
1334,7335,0.10532422284364057
1335,7336,0.1487916982667931
1336,7337,4.778339908041643
1337,7338,0.4689007664945186
1338,7339,0.1715970415883465
1339,7340,2.2459255759293217
1340,7341,2.0539005987297423
1341,7342,0.28091972006569393
1342,7343,0.07267692869632948
1343,7344,3.290046201535468
1344,7345,0.015275033543268729
1345,7346,0.07746038824395504
1346,7347,0.021240207583641247
1347,7348,2.126670039096484
1348,7349,0.3267092622601951
1349,7350,1.3234236397052128
1350,7351,1.9072050431323102
1351,7352,3.6975232029042666
1352,7353,5.852673205178905
1353,7354,0.02941145008233088
1354,7355,1.477358150226842
1355,7356,0.018584531730168576
1356,7357,6.390198746277281
1357,7358,6.374988246930397
1358,7359,6.852817480679683
1359,7360,0.5198199294313849
1360,7361,2.179582819341103
1361,7362,1.9961147348390993
1362,7363,0.09047776920288446
1363,7364,0.7121442776296643
1364,7365,3.976540606303303
1365,7366,0.22574085183094691
1366,7367,1.3230416323939747
1367,7368,0.10304858388249627
1368,7369,3.4994679917356777
1369,7370,0.12804993246104082
1370,7371,0.01856200760178964
1371,7372,3.442353317447219
1372,7373,3.4939943261896063
1373,7374,7.228080855934543
1374,7375,0.18811833380449153
1375,7376,0.37761388245804856
1376,7377,1.5570660880909153
1377,7378,0.46102540468111924
1378,7379,1.0964752959361745
1379,7380,0.11998731214444601
1380,7381,1.0382985601513248
1381,7382,0.5281176737228581
1382,7383,1.667583502558238
1383,7384,0.156047493925166
1384,7385,0.2859438837898039
1385,7386,0.3343023116850276
1386,7387,0.7535158953957389
1387,7388,0.04418683493025682
1388,7389,0.7148330975127258
1389,7390,0.01781389175472318
1390,7391,0.013087394294312276
1391,7392,3.7276833045609172
1392,7393,0.4055291105341402
1393,7394,0.027945986001470496
1394,7395,1.8223871139819707
1395,7396,1.2677773028350978
1396,7397,0.6437434133361584
1397,7398,0.015265854612198548
1398,7399,1.093237003503057
1399,7400,0.027923826731123667
1400,7401,1.8087240355182406
1401,7402,0.07347665126119962
1402,7403,3.0016069379489014
1403,7404,0.10716105352841687
1404,7405,1.671457746110356
1405,7406,8.61412261890481
1406,7407,0.29630578506910943
1407,7408,0.035601055969900014
1408,7409,1.4346790962536775
1409,7410,1.8478125249550763
1410,7411,0.0353842498588595
1411,7412,0.023810839388101343
1412,7413,0.016831719666317333
1413,7414,4.595981514031546
1414,7415,0.21277240980329012
1415,7416,0.050849772626382655
1416,7417,0.14110625841505373
1417,7418,5.762331185381072
1418,7419,7.8732129357615
1419,7420,0.03865216172992921
1420,7421,0.5053481186888357
1421,7422,0.0976222463938641
1422,7423,6.126495919626992
1423,7424,4.680143777413659
1424,7425,3.3876208699497745
1425,7426,0.6069554998167384
1426,7427,0.16671498838824428
1427,7428,0.22522804240172611
1428,7429,2.693124291048734
1429,7430,0.7984230093510163
1430,7431,0.014682239377353157
1431,7432,6.965102895468928
1432,7433,4.874962821938137
1433,7434,0.6139519895631211
1434,7435,1.588631700310867
1435,7436,0.08823488676978437
1436,7437,1.0964018779380653
1437,7438,5.0815332682828664
1438,7439,4.207602070074741
1439,7440,0.01746630594455217
1440,7441,0.09875514917987203
1441,7442,3.2880696616093523
1442,7443,2.8738196901255075
1443,7444,0.4880823827102695
1444,7445,0.0878488472257641
1445,7446,0.018320053115424454
1446,7447,4.522614634154473
1447,7448,0.04371049799022574
1448,7449,0.703150718211123
1449,7450,0.7633297920239251
1450,7451,0.012894472730749772
1451,7452,0.07410237999103207
1452,7453,3.841961824244382
1453,7454,0.015849565195251013
1454,7455,2.2174675048034596
1455,7456,2.446295079192567
1456,7457,0.8205160674442165
1457,7458,0.9776117323140147
1458,7459,0.425212233460798
1459,7460,0.033554911186661804
1460,7461,0.3247331918904287
1461,7462,1.0745839754846676
1462,7463,0.5889652596020286
1463,7464,4.692231140770023
1464,7465,2.693832606641923
1465,7466,0.7528276522739135
1466,7467,0.08908550448823875
1467,7468,0.027726395967290235
1468,7469,0.6318872102755606
1469,7470,0.09228972293801836
1470,7471,0.01663710938545797
1471,7472,0.014196344631154299
1472,7473,0.051119657268053655
1473,7474,1.2792136354629002
1474,7475,1.6260832677571975
1475,7476,4.56542495748113
1476,7477,0.20924442060192178
1477,7478,0.022844380215404813
1478,7479,4.147879005264446
1479,7480,0.1208447215297339
1480,7481,5.70552437856048
1481,7482,3.805238925007422
1482,7483,5.069192131054996
1483,7484,0.38742384420090725
1484,7485,0.014301096784355464
1485,7486,0.2770551394925723
1486,7487,0.02564449088933027
1487,7488,4.691529374351599
1488,7489,0.026579653945043438
1489,7490,7.841404273322509
1490,7491,0.9305805182879132
1491,7492,0.049086100022873315
1492,7493,0.038343583178267
1493,7494,6.601635569142095
1494,7495,5.042773966651366
1495,7496,4.37315721676054
1496,7497,0.3507782774034482
1497,7498,0.25580038823271495
1498,7499,0.08339878661168913
1499,7500,0.9003434488708599
1500,7501,0.029540390415903027
1501,7502,0.7834588111098577
1502,7503,4.589138794858032
1503,7504,2.624592495186485
1504,7505,0.04773643621205796
1505,7506,0.01717997827742205
1506,7507,0.07948684282559733
1507,7508,4.493108171445026
1508,7509,1.6958206199706354
1509,7510,3.6166628698759995
1510,7511,2.1183129762687805
1511,7512,3.101724690350249
1512,7513,0.03358804103915108
1513,7514,0.016921635575368837
1514,7515,2.5096334975318784
1515,7516,0.019199213765277477
1516,7517,0.037922566816120745
1517,7518,6.489784209953869
1518,7519,0.993959929906262
1519,7520,1.7678349176868688
1520,7521,0.3514417077260079
1521,7522,3.084907820327585
1522,7523,0.01609287295611438
1523,7524,4.998114120660175
1524,7525,0.13782003642480412
1525,7526,0.3874238630012924
1526,7527,0.5417076907968241
1527,7528,6.852817480679683
1528,7529,3.862907668535397
1529,7530,5.18647241326523
1530,7531,0.10540181871345129
1531,7532,0.057664487069858064
1532,7533,0.02097922909668986
1533,7534,2.636776773282339
1534,7535,4.4201085164999165
1535,7536,0.3864280171094292
1536,7537,0.16944162903331986
1537,7538,0.17319351685609075
1538,7539,3.1373947767305945
1539,7540,0.2535107099508524
1540,7541,4.3324505133566
1541,7542,0.07494163128027852
1542,7543,0.1698862253569674
1543,7544,0.03937439070046834
1544,7545,0.03818847184796666
1545,7546,0.023439717012516664
1546,7547,4.301830239025955
1547,7548,0.2223439753825541
1548,7549,0.017857632945252003
1549,7550,3.0411250888828687
1550,7551,0.6723329604358332
1551,7552,0.02499940048886579
1552,7553,7.224315012266654
1553,7554,0.38691001583944995
1554,7555,0.2757237311510351
1555,7556,0.06382508223286193
1556,7557,3.92785107265507
1557,7558,0.2244735801511855
1558,7559,0.308663275616732
1559,7560,0.12212424569629045
1560,7561,0.2774015128458661
1561,7562,3.333622477796237
1562,7563,0.16788830424508727
1563,7564,0.5222953954945159
1564,7565,0.020888501002765326
1565,7566,5.449100866312034
1566,7567,0.34130195318867046
1567,7568,2.187031655698688
1568,7569,1.791171911556156
1569,7570,4.728727555765922
1570,7571,0.16737352868539884
1571,7572,3.2997499877970946
1572,7573,5.02070037150651
1573,7574,0.42362131900792377
1574,7575,0.02656367124903939
1575,7576,0.023902595666201815
1576,7577,2.294423106543478
1577,7578,2.242366386956547
1578,7579,0.09651236349123439
1579,7580,2.6430576369485514
1580,7581,0.2430531057251453
1581,7582,1.8686402040111014
1582,7583,0.6070311518812553
1583,7584,2.197104427983417
1584,7585,6.925141391730808
1585,7586,5.785565116267971
1586,7587,0.2574955993075977
1587,7588,0.05120641650063067
1588,7589,0.30188621356750583
1589,7590,1.8824908563480791
1590,7591,1.436620118722582
1591,7592,0.6031508162065435
1592,7593,0.09888112766342885
1593,7594,4.327049361199523
1594,7595,0.359798140867269
1595,7596,0.1060621607177182
1596,7597,0.0528077575364606
1597,7598,0.0681380805875169
1598,7599,0.08034009973496016
1599,7600,0.0672985165741407
1600,7601,3.502667972161159
1601,7602,0.35309546303502826
1602,7603,6.627427181240702
1603,7604,8.110973622764424
1604,7605,0.04272207910535366
1605,7606,4.563708658402151
1606,7607,2.955263475504581
1607,7608,1.4251431714123795
1608,7609,0.0334554569619474
1609,7610,3.9245948210963095
1610,7611,0.058487276585591864
1611,7612,1.6589892853350885
1612,7613,6.048941105911189
1613,7614,0.25378419406919056
1614,7615,3.9751249199167447
1615,7616,1.7833225091558285
1616,7617,0.05766837153637708
1617,7618,2.6935949733241826
1618,7619,0.44135463580203
1619,7620,0.07165629480238497
1620,7621,4.025618163328686
1621,7622,0.05551080426604973
1622,7623,0.4415150776329696
1623,7624,7.780690865233354
1624,7625,6.703403251888111
1625,7626,8.569622116587736
1626,7627,1.4311866719323743
1627,7628,5.065865073770359
1628,7629,2.0418072294926772
1629,7630,1.480174537282508
1630,7631,0.10676508318415488
1631,7632,1.4971893999618713
1632,7633,4.569996220679381
1633,7634,1.313910586240872
1634,7635,3.113790262879858
1635,7636,1.8511209761965661
1636,7637,1.1453695397941575
1637,7638,0.035430260586823664
1638,7639,0.16670107123991912
1639,7640,4.935032404155074
1640,7641,0.42435236844437846
1641,7642,0.9829141113109555
1642,7643,5.484086071931558
1643,7644,3.466644800400922
1644,7645,0.6500555616678763
1645,7646,0.018663158577146514
1646,7647,0.028983232215129
1647,7648,0.7499710705120431
1648,7649,3.087739563746582
1649,7650,3.914515263939565
1650,7651,0.7795524469292925
1651,7652,1.3810781846034448
1652,7653,0.3664376671273541
1653,7654,0.4547248616510325
1654,7655,0.021143678610509455
1655,7656,2.149575585379907
1656,7657,0.7954722373685648
1657,7658,2.7766206255841563
1658,7659,0.4589296960653367
1659,7660,0.5671759375190873
1660,7661,0.04454052484631811
1661,7662,2.9617094540264053
1662,7663,3.730114356224429
1663,7664,0.2584506162754684
1664,7665,0.8456149623098811
1665,7666,0.539544743319164
1666,7667,0.0896836013010919
1667,7668,0.10133376657961914
1668,7669,0.05172173646071585
1669,7670,0.8052080423963698
1670,7671,0.7258087041487662
1671,7672,0.02646811701684673
1672,7673,0.06614435109883547
1673,7674,4.071118730047787
1674,7675,0.017550902831003155
1675,7676,0.03128190066629522
1676,7677,0.028825451335796705
1677,7678,1.4933319053299503
1678,7679,0.0343997602073969
1679,7680,2.521272385238489
1680,7681,0.06995998964160681
1681,7682,0.9720430988140217
1682,7683,5.045080925355094
1683,7684,0.044755112768814886
1684,7685,1.1123878462944297
1685,7686,0.019962944171977675
1686,7687,0.14696373338622457
1687,7688,3.7832072556142036
1688,7689,0.015556825125389216
1689,7690,1.8944152760851547
1690,7691,0.1073159031105412
1691,7692,0.27783383726307137
1692,7693,1.3373124161184107
1693,7694,0.26498437364280786
1694,7695,5.159546552149457
1695,7696,0.09244857398634668
1696,7697,0.11559683705898459
1697,7698,3.6697558399030252
1698,7699,0.07981567548867419
1699,7700,0.014059187905206098
1700,7701,4.512662178234726
1701,7702,0.023159444543124824
1702,7703,0.020747587392326017
1703,7704,2.8263168360830564
1704,7705,0.02827312134047697
1705,7706,0.047622224900434426
1706,7707,0.22678293644492703
1707,7708,4.737782665909004
1708,7709,5.366157346688148
1709,7710,4.078889521269471
1710,7711,4.847381221782328
1711,7712,0.08287214159520587
1712,7713,0.060665650779768154
1713,7714,0.15679101114299698
1714,7715,6.142191001296879
1715,7716,3.9916220663488633
1716,7717,0.9815783562009046
1717,7718,0.8997425324314764
1718,7719,0.36722985028075206
1719,7720,0.06967290929401805
1720,7721,0.07333487154329953
1721,7722,1.0471554900650706
1722,7723,1.8228453061777148
1723,7724,3.5476630967684972
1724,7725,7.804512797337194
1725,7726,0.1483536808882332
1726,7727,4.862096253171865
1727,7728,3.140713261568546
1728,7729,0.7429213954765311
1729,7730,2.8891889492599274
1730,7731,0.09912776135024141
1731,7732,0.05564037521492636
1732,7733,0.030907595188823897
1733,7734,3.5600527189576834
1734,7735,0.021410232877292226
1735,7736,0.5762705375390773
1736,7737,0.21521514987590643
1737,7738,5.181617302774094
1738,7739,0.35237834569035276
1739,7740,4.983014522203684
1740,7741,1.4068567170217932
1741,7742,2.9989487420030474
1742,7743,0.10407318422559644
1743,7744,0.6912015437182162
1744,7745,0.03869451137019757
1745,7746,0.01757747667767607
1746,7747,0.04840743799658686
1747,7748,0.015698328620549002
1748,7749,0.11794424126153949
1749,7750,0.9573640142655888
1750,7751,0.13763485230366632
1751,7752,0.07023388073056051
1752,7753,0.7763274830375142
1753,7754,0.464140606051106
1754,7755,0.04082556779410555
1755,7756,0.08321683519247021
1756,7757,0.025509787560918942
1757,7758,0.2250375794601334
1758,7759,1.4864549076628921
1759,7760,1.7163986421849335
1760,7761,0.5801996082532581
1761,7762,1.317321068434173
1762,7763,7.114600802751695
1763,7764,4.117530004066734
1764,7765,5.218954385535525
1765,7766,3.5017369517792467
1766,7767,0.022442120261433343
1767,7768,3.299954272672126
1768,7769,0.2505202895364444
1769,7770,0.08357436900432443
1770,7771,4.412082753486203
1771,7772,0.03265174878924258
1772,7773,0.694737703310664
1773,7774,3.0319581286966892
1774,7775,5.665625909126524
1775,7776,5.358422697325474
1776,7777,0.46095701332056604
1777,7778,1.858599843506347
1778,7779,0.05274401772260321
1779,7780,0.022147800850335728
1780,7781,6.0492976601998425
1781,7782,0.12435768093630026
1782,7783,1.8009128886104484
1783,7784,0.10626465293497357
1784,7785,0.9634711582269159
1785,7786,0.18055600757974224
1786,7787,1.2813699135732328
1787,7788,3.7839198791515365
1788,7789,3.0229663673955938
1789,7790,1.8675644669119078
1790,7791,0.3056998809687292
1791,7792,0.3447591485028583
1792,7793,4.501288881472149
1793,7794,0.035098318002126164
1794,7795,0.9052071264333154
1795,7796,0.06835697312025471
1796,7797,0.4707103018569083
1797,7798,0.39691101919957666
1798,7799,0.1682855903254989
1799,7800,3.195179373948122
1800,7801,0.10394394243828012
1801,7802,4.048799040673861
1802,7803,0.07715608316497426
1803,7804,0.05057964732729974
1804,7805,2.503919411800348
1805,7806,0.1807247983866484
1806,7807,0.16708145561095047
1807,7808,4.211301346331326
1808,7809,5.111424485236304
1809,7810,1.8334516245433377
1810,7811,0.2853548849608324
1811,7812,0.023740014552890123
1812,7813,3.6821759516938277
1813,7814,1.7671527147669897
1814,7815,0.0797641615864723
1815,7816,4.7034422188691565
1816,7817,8.279094202907226
1817,7818,3.539944002285511
1818,7819,6.315386641754395
1819,7820,5.138715210665472
1820,7821,0.2614394482431199
1821,7822,0.10395290129932977
1822,7823,5.249673676493031
1823,7824,0.04064922227073276
1824,7825,2.2484146966210927
1825,7826,1.406236756760466
1826,7827,1.8505486197037897
1827,7828,3.4327528196846813
1828,7829,0.24476438737534792
1829,7830,0.4574916865742311
1830,7831,7.017885111977599
1831,7832,8.884383590482905
1832,7833,0.08338276881842106
1833,7834,5.9071634040715475
1834,7835,3.342822302104117
1835,7836,0.01890215904890041
1836,7837,6.810905510425908
1837,7838,0.1382059578749758
1838,7839,0.013998490838615513
1839,7840,0.06383243741656713
1840,7841,0.7377015919065867
1841,7842,1.8784667067627003
1842,7843,0.13797753026286302
1843,7844,2.6945016303480385
1844,7845,0.02023781285840204
1845,7846,0.6222205416854671
1846,7847,5.482013257535603
1847,7848,0.5881854937940084
1848,7849,0.16731983685258683
1849,7850,2.4301631080532236
1850,7851,2.32396754057299
1851,7852,0.37168459473812926
1852,7853,0.27550347208544873
1853,7854,0.024136332588656956
1854,7855,3.7301969156714816
1855,7856,0.9269592220555278
1856,7857,0.791964315245183
1857,7858,4.104883800183153
1858,7859,3.294544943871981
1859,7860,0.02550917116210237
1860,7861,1.9768246275909616
1861,7862,0.022779186167634993
1862,7863,0.02995690528922715
1863,7864,3.2797204346800224
1864,7865,0.04013495300819722
1865,7866,0.4209437536659209
1866,7867,1.6700952119882202
1867,7868,0.05123746081024127
1868,7869,4.981237060165902
1869,7870,0.11024476082188985
1870,7871,0.07800466882498382
1871,7872,0.01422617204879784
1872,7873,0.07190275749970669
1873,7874,4.001612265745632
1874,7875,6.362825224618402
1875,7876,0.9835257270002903
1876,7877,2.8010882023686454
1877,7878,0.02214684587159948
1878,7879,0.4496599429878961
1879,7880,0.2796824675999177
1880,7881,0.040552615251235526
1881,7882,3.966309316486469
1882,7883,0.02540277873027654
1883,7884,0.9909696006153543
1884,7885,0.46225076032896767
1885,7886,0.4301689465722586
1886,7887,1.6107635671768625
1887,7888,0.015088567436133923
1888,7889,0.9226304331102483
1889,7890,0.26780660180642524
1890,7891,0.6007874310866571
1891,7892,9.617914598933778
1892,7893,0.012793455219446302
1893,7894,1.0426334251631466
1894,7895,0.13912748232181021
1895,7896,0.2337192961789658
1896,7897,0.2870223987933344
1897,7898,0.32885492512661973
1898,7899,0.20129138958489293
1899,7900,7.103812525703816
1900,7901,0.017294566459053005
1901,7902,0.05958027988857726
1902,7903,0.02907917907352486
1903,7904,5.049237830428641
1904,7905,4.999257107079381
1905,7906,4.202555067872458
1906,7907,4.8349062353064545
1907,7908,0.09993609121067824
1908,7909,2.203677374137995
1909,7910,0.024549985655982435
1910,7911,4.955845775003313
1911,7912,0.027616987448078577
1912,7913,3.419336795051465
1913,7914,4.977296512377929
1914,7915,6.555327700258431
1915,7916,0.6301521509844966
1916,7917,0.5181476906781283
1917,7918,0.7813953809489895
1918,7919,0.019806494978963547
1919,7920,0.8697965434475033
1920,7921,1.9026138123752732
1921,7922,0.04162521553440758
1922,7923,0.43575631635249157
1923,7924,2.7625191206997624
1924,7925,1.6517377989434536
1925,7926,0.05268639750365977
1926,7927,0.016681380675063924
1927,7928,0.01701181262544082
1928,7929,0.276737403855341
1929,7930,3.0837310958191293
1930,7931,0.023706818428758776
1931,7932,1.3211301829785929
1932,7933,5.586013559584566
1933,7934,0.14170272730727845
1934,7935,0.11161933640184415
1935,7936,0.10733660132279131
1936,7937,0.3713682413336123
1937,7938,5.975930776264741
1938,7939,4.210181123613342
1939,7940,0.44525605380285005
1940,7941,3.7991539331030886
1941,7942,0.14795495513149948
1942,7943,0.023701965463300917
1943,7944,0.320493331924213
1944,7945,0.42659987088139845
1945,7946,0.10647969280625265
1946,7947,0.019635284483325386
1947,7948,0.05208446988844981
1948,7949,4.365018805483463
1949,7950,0.9398659209070073
1950,7951,0.16818441484505164
1951,7952,0.07926906143459844
1952,7953,0.3330071820654502
1953,7954,0.2171790036441721
1954,7955,0.6572856452107732
1955,7956,0.08485298579950895
1956,7957,0.2784219834777935
1957,7958,0.2559571290241408
1958,7959,0.11687278651200057
1959,7960,4.503906224945098
1960,7961,1.4106632339725593
1961,7962,0.02026364510750734
1962,7963,0.025701464665927244
1963,7964,0.1532289705115689
1964,7965,0.5640831214496321
1965,7966,0.030184768337810638
1966,7967,0.04272207910535366
1967,7968,5.045810202608199
1968,7969,0.2895299473598216
1969,7970,0.4454945210365169
1970,7971,2.778321164151772
1971,7972,1.299305025754437
1972,7973,2.534417916156517
1973,7974,2.4141017823289803
1974,7975,5.459318846371323
1975,7976,1.9083496018720807
1976,7977,4.866754153641211
1977,7978,1.448208242065851
1978,7979,5.379947264163958
1979,7980,0.0149743702828718
1980,7981,0.025252312594564334
1981,7982,4.828547388273149
1982,7983,4.596025096535195
1983,7984,1.083973378413928
1984,7985,3.879191322553922
1985,7986,0.22514055970007077
1986,7987,1.4017403136348405
1987,7988,0.47068616944723546
1988,7989,2.3967497594338605
1989,7990,2.3310834198357484
1990,7991,0.39994604183810034
1991,7992,4.451621717975447
1992,7993,0.019651932585590313
1993,7994,4.72074397179613
1994,7995,5.387281730008596
1995,7996,0.36023049687628095
1996,7997,0.020333012179417406
1997,7998,0.4490873500995005
1998,7999,4.3652980282880876
1999,8000,0.11201177542968375
